datum;wahl;ags;gebiet-nr;gebiet-name;max-schnellmeldungen;anz-schnellmeldungen;A1;A2;A3;A;B;B1;C1;C2;D;D1_liste;D1_summe_kandidaten;D1_summe_liste_kandidaten;D1_1;D1_2;D1_3;D1_4;D1_5;D1_6;D1_7;D1_8;D1_9;D1_10;D1_11;D1_12;D2_liste;D2_summe_kandidaten;D2_summe_liste_kandidaten;D2_1;D2_2;D2_3;D2_4;D2_5;D2_6;D2_7;D2_8;D2_9;D2_10;D2_11;D2_12;D3_liste;D3_summe_kandidaten;D3_summe_liste_kandidaten;D3_1;D3_2;D3_3;D3_4;D3_5;D3_6;D3_7;D3_8;D3_9;D3_10;D4_liste;D4_summe_kandidaten;D4_summe_liste_kandidaten;D4_1;D4_2;D4_3;D4_4;D4_5;D5_liste;D5_summe_kandidaten;D5_summe_liste_kandidaten;D5_1;D5_2;D5_3;D5_4;D5_5;D5_6;D5_7;D5_8;D5_9;D6_liste;D6_summe_kandidaten;D6_summe_liste_kandidaten;D6_1;D7_liste;D7_summe_kandidaten;D7_summe_liste_kandidaten;D7_1;D7_2;D7_3;D7_4;D7_5;D8_liste;D8_summe_kandidaten;D8_summe_liste_kandidaten;D8_1;D8_2;D9_liste;D9_summe_kandidaten;D9_summe_liste_kandidaten;D9_1;D10_liste;D10_summe_kandidaten;D10_summe_liste_kandidaten;D10_1;D11_liste;D11_summe_kandidaten;D11_summe_liste_kandidaten;D11_1;D11_2
12.09.2021;Stadtratswahl;03403000;101;101 Amt für Gebäudewirtschaft und Hochbau;1;1;1123;337;0;1460;604;0;2;602;1783;239;207;446;91;24;27;6;27;2;8;8;3;1;8;2;80;102;182;23;11;26;3;12;10;6;6;0;5;0;;459;269;728;70;48;47;20;8;13;11;52;;;81;65;146;41;15;4;5;;57;22;79;10;1;2;3;0;5;0;1;;32;16;48;16;1;19;20;14;0;0;5;0;16;9;25;6;3;10;10;20;10;;;;;56;33;89;12;21
12.09.2021;Stadtratswahl;03403000;102;102 Jugendfreizeitstätte Bürgerfelde;1;1;1180;256;0;1436;491;0;6;485;1433;205;231;436;128;34;18;14;9;6;5;7;4;3;0;3;91;108;199;28;5;21;4;7;17;20;3;0;3;0;;256;157;413;41;25;22;11;6;3;15;34;;;76;61;137;28;21;4;8;;41;41;82;15;2;4;0;0;5;2;13;;29;25;54;25;7;12;19;10;0;2;0;0;12;10;22;9;1;5;7;12;7;;;;;41;18;59;12;6
12.09.2021;Stadtratswahl;03403000;103;103 Neues Gymnasium;1;1;1066;346;0;1412;548;0;7;541;1599;135;186;321;74;18;29;9;10;3;6;13;18;0;3;3;53;157;210;35;11;62;1;19;9;14;3;0;2;1;;349;273;622;76;42;38;17;9;6;16;69;;;113;132;245;66;39;19;8;;17;24;41;11;6;0;0;0;2;2;3;;21;17;38;17;2;18;20;15;2;1;0;0;8;12;20;10;2;20;11;31;11;;;;;29;22;51;18;4
12.09.2021;Stadtratswahl;03403000;104;104 Neues Gymnasium;1;1;1025;443;0;1468;576;0;3;573;1708;147;158;305;65;17;20;7;10;6;12;7;8;1;2;3;90;118;208;28;9;21;2;10;15;4;19;0;8;2;;479;297;776;83;37;48;30;9;5;19;66;;;153;67;220;36;18;8;5;;33;24;57;14;2;3;2;1;1;0;1;;6;4;10;4;6;11;17;11;0;0;0;0;20;8;28;5;3;9;11;20;11;;;;;31;36;67;21;15
12.09.2021;Stadtratswahl;03403000;105;105 BZTG Ehnernstr.;1;1;1169;257;0;1426;546;0;6;540;1579;202;242;444;127;38;31;3;15;6;4;8;2;2;3;3;84;110;194;47;7;7;1;6;12;9;10;1;7;3;;362;177;539;43;37;26;20;6;2;15;28;;;124;50;174;21;20;2;7;;18;23;41;5;2;5;4;0;3;0;4;;36;6;42;6;6;29;35;25;0;4;0;0;26;8;34;8;0;12;22;34;22;;;;;30;12;42;6;6
12.09.2021;Stadtratswahl;03403000;106;106 Neues Gymnasium;1;1;1159;391;0;1550;547;0;4;543;1600;131;234;365;79;67;36;3;15;1;9;11;3;2;5;3;57;132;189;37;10;20;5;10;17;4;12;10;6;1;;379;269;648;72;48;43;33;11;4;19;39;;;97;94;191;54;23;9;8;;35;35;70;9;6;6;6;0;3;0;5;;20;5;25;5;2;13;15;8;3;1;0;1;13;6;19;5;1;1;6;7;6;;;;;39;32;71;18;14
12.09.2021;Stadtratswahl;03403000;107;107 BZTG;1;1;1203;252;0;1455;442;0;3;439;1291;147;186;333;90;36;18;3;10;6;2;5;11;1;2;2;90;90;180;24;5;19;2;10;15;12;1;0;2;0;;311;123;434;29;24;28;12;2;1;10;17;;;73;59;132;29;19;4;7;;17;21;38;12;3;4;0;1;1;0;0;;44;14;58;14;8;15;23;13;2;0;0;0;20;7;27;6;1;5;4;9;4;;;;;38;19;57;12;7
12.09.2021;Stadtratswahl;03403000;108;108 GS Bürgeresch;1;1;1128;348;0;1476;488;0;3;485;1440;157;175;332;51;39;35;15;6;3;10;7;0;2;5;2;74;67;141;22;4;10;3;10;4;6;4;1;2;1;;369;230;599;49;29;37;29;6;5;27;48;;;111;69;180;24;31;8;6;;46;25;71;9;4;2;3;0;1;0;6;;21;10;31;10;0;12;12;9;1;1;0;1;12;4;16;2;2;10;10;20;10;;;;;28;10;38;3;7
12.09.2021;Stadtratswahl;03403000;109;109 Fachschule für das Handwerk;1;1;1261;401;0;1662;594;0;7;587;1738;190;148;338;48;26;27;4;16;1;10;4;1;0;9;2;104;104;208;29;14;10;1;22;14;9;5;0;0;0;;466;245;711;64;38;53;27;10;8;15;30;;;135;106;241;38;48;12;8;;51;31;82;7;4;4;4;0;6;1;5;;18;6;24;6;1;5;6;3;0;1;1;0;12;17;29;15;2;15;8;23;8;;;;;48;28;76;18;10
12.09.2021;Stadtratswahl;03403000;110;110 GS Bürgeresch;1;1;1298;369;0;1667;561;0;6;555;1642;194;338;532;161;38;42;11;21;7;28;8;6;3;5;8;74;130;204;53;19;15;2;10;14;7;2;1;5;2;;367;229;596;72;43;33;15;7;5;18;36;;;92;59;151;31;16;6;6;;30;20;50;8;5;1;0;0;2;3;1;;3;5;8;5;0;10;10;7;0;3;0;0;16;12;28;8;4;12;1;13;1;;;;;42;8;50;5;3
12.09.2021;Stadtratswahl;03403000;111;111 GS Bürgeresch;1;1;1272;439;0;1711;639;0;4;635;1899;204;251;455;127;38;30;8;11;3;10;7;5;1;7;4;132;145;277;52;25;15;3;11;10;13;7;1;3;5;;452;263;715;80;25;43;33;6;7;19;50;;;115;78;193;44;20;8;6;;47;49;96;14;4;13;4;1;6;1;6;;20;14;34;14;1;16;17;15;0;0;1;0;14;13;27;8;5;5;7;12;7;;;;;48;25;73;14;11
12.09.2021;Stadtratswahl;03403000;112;112 GSG Oldenburg;1;1;1154;358;0;1512;444;0;4;440;1301;148;175;323;81;20;21;14;6;8;9;6;2;2;3;3;117;111;228;44;12;22;0;7;8;1;14;1;2;0;;251;177;428;40;27;23;9;5;8;12;53;;;71;49;120;17;27;1;4;;52;43;95;14;13;3;3;0;3;0;7;;11;10;21;10;0;4;4;2;2;0;0;0;17;8;25;5;3;12;7;19;7;;;;;26;12;38;5;7
12.09.2021;Stadtratswahl;03403000;113;113 GSG Oldenburg;1;1;1038;238;0;1276;305;0;2;303;892;120;154;274;59;25;19;11;4;7;6;10;1;8;2;2;41;74;115;24;17;5;1;3;10;1;9;2;1;1;;147;122;269;56;16;25;6;3;2;2;12;;;62;43;105;11;16;3;13;;17;11;28;1;4;1;1;1;0;0;3;;18;8;26;8;3;8;11;2;1;0;0;5;6;11;17;11;0;16;2;18;2;;;;;18;11;29;6;5
12.09.2021;Stadtratswahl;03403000;114;114 GS Donnerschwee;1;1;1151;235;0;1386;529;0;12;517;1524;187;243;430;97;27;37;11;17;8;17;8;5;5;5;6;136;209;345;68;54;18;7;16;9;18;11;1;5;2;;232;186;418;64;30;33;18;8;2;4;27;;;64;77;141;37;28;7;5;;26;32;58;9;4;4;5;0;3;0;7;;22;13;35;13;4;15;19;10;4;0;1;0;13;5;18;5;0;10;4;14;4;;;;;35;11;46;6;5
12.09.2021;Stadtratswahl;03403000;115;115 GSG Oldenburg;1;1;1073;239;0;1312;527;0;2;525;1528;173;146;319;29;24;32;4;15;4;6;9;1;2;12;8;72;64;136;13;15;10;5;4;2;8;4;0;3;0;;431;295;726;67;56;84;19;36;3;7;23;;;71;65;136;21;26;7;11;;56;29;85;15;1;5;1;1;1;0;5;;9;7;16;7;0;2;2;2;0;0;0;0;11;10;21;8;2;19;6;25;6;;;;;45;17;62;11;6
12.09.2021;Stadtratswahl;03403000;201;201 Cäcilienschule Oldenburg;1;1;1170;462;0;1632;635;0;6;629;1879;198;154;352;84;22;10;3;11;3;7;3;0;5;4;2;205;215;420;94;34;10;9;4;0;26;2;11;4;2;19;405;245;650;55;84;23;16;21;10;11;25;;;87;89;176;44;12;24;4;5;60;53;113;33;1;2;12;1;1;0;3;;33;3;36;3;6;2;8;1;1;0;0;;16;17;33;1;16;;;;;;;;;68;23;91;17;6
12.09.2021;Stadtratswahl;03403000;202;202 Oberkirchenrat;1;1;983;311;0;1294;480;0;3;477;1417;140;178;318;101;27;15;5;1;4;4;4;2;8;4;3;83;150;233;57;9;12;9;2;2;36;0;1;3;3;16;277;204;481;52;54;11;27;23;11;13;13;;;71;91;162;41;8;34;0;8;40;40;80;16;1;5;3;1;0;9;5;;15;5;20;5;1;3;4;0;3;0;0;;11;10;21;2;8;;;;;;;;;62;36;98;19;17
12.09.2021;Stadtratswahl;03403000;203;203 Edith-Ruß-Haus;1;1;1092;404;0;1496;618;0;5;613;1800;115;151;266;54;31;15;13;8;4;10;6;2;1;4;3;98;137;235;74;10;9;4;1;5;18;2;1;0;1;12;511;255;766;57;75;27;16;29;14;22;15;;;106;143;249;51;11;68;5;8;77;52;129;21;2;5;9;1;4;10;0;;21;8;29;8;0;4;4;1;3;0;0;;9;16;25;8;8;;;;;;;;;41;56;97;49;7
12.09.2021;Stadtratswahl;03403000;204;204 GUV;1;1;1176;497;0;1673;625;0;4;621;1838;166;166;332;74;23;14;3;11;13;5;3;4;5;3;8;136;199;335;79;11;10;9;7;2;49;1;5;7;0;19;409;245;654;63;72;16;29;23;16;7;19;;;70;108;178;21;19;57;4;7;75;113;188;57;17;11;5;10;2;2;9;;12;13;25;13;0;2;2;1;1;0;0;;8;21;29;10;11;;;;;;;;;66;29;95;23;6
12.09.2021;Stadtratswahl;03403000;205;205 Edith-Russ-Haus;1;1;1071;298;0;1369;374;0;1;373;1112;99;94;193;38;11;23;5;2;1;3;1;2;1;4;3;55;66;121;38;2;5;4;1;0;5;1;1;0;3;6;257;155;412;24;48;27;7;16;6;16;11;;;97;97;194;25;13;50;5;4;45;43;88;12;4;6;4;0;6;3;8;;6;8;14;8;0;12;12;3;0;6;3;;11;9;20;7;2;;;;;;;;;36;22;58;10;12
12.09.2021;Stadtratswahl;03403000;206;206 Deutsche Rentenversicherung;1;1;805;275;0;1080;379;0;4;375;1108;121;115;236;69;18;10;1;2;3;3;3;3;1;1;1;70;108;178;62;2;3;8;5;1;8;1;0;3;3;12;284;163;447;32;40;15;18;20;17;10;11;;;31;64;95;21;9;28;2;4;30;39;69;16;2;4;4;1;5;7;0;;9;11;20;11;1;0;1;0;0;0;0;;12;10;22;7;3;;;;;;;;;21;19;40;9;10
12.09.2021;Stadtratswahl;03403000;207;207 Graf-Anton-Günther-Schule;1;1;1072;415;0;1487;590;0;3;587;1745;198;216;414;124;45;20;3;5;3;4;2;3;2;4;1;161;169;330;85;14;2;13;2;2;19;1;3;4;3;21;342;216;558;56;64;17;7;23;13;18;18;;;67;114;181;44;6;56;4;4;61;81;142;39;1;13;12;1;7;2;6;;14;8;22;8;0;4;4;2;1;1;0;;6;22;28;5;17;;;;;;;;;48;18;66;12;6
12.09.2021;Stadtratswahl;03403000;208;208 Oberschule Osternburg;1;1;1332;301;0;1633;492;0;6;486;1409;181;242;423;111;79;17;5;2;4;8;0;4;8;3;1;81;99;180;48;18;6;2;0;1;4;9;0;3;1;7;248;163;411;45;49;16;10;10;10;12;11;;;91;140;231;56;17;56;4;7;37;20;57;6;1;1;8;2;0;1;1;;34;11;45;11;2;4;6;3;1;0;0;;6;16;22;5;11;;;;;;;;;21;13;34;7;6
12.09.2021;Stadtratswahl;03403000;209;209 Oberschule Osternburg;1;1;1276;318;0;1594;551;0;10;541;1580;223;266;489;149;56;21;9;3;4;11;4;2;4;2;1;103;112;215;57;7;19;3;2;1;4;1;1;1;1;15;282;151;433;43;34;20;10;11;1;14;18;;;95;104;199;51;3;33;6;11;72;44;116;25;2;3;9;1;0;4;0;;27;16;43;16;8;4;12;2;1;1;0;;14;18;32;5;13;;;;;;;;;27;14;41;11;3
12.09.2021;Stadtratswahl;03403000;210;210 GS Paul-Maar-Schule;1;1;908;229;0;1137;378;0;5;373;1085;163;204;367;125;30;6;15;1;3;1;0;1;10;4;8;102;103;205;53;14;3;4;3;4;4;7;4;1;0;6;175;107;282;38;21;10;7;9;11;8;3;;;38;50;88;16;6;26;0;2;29;24;53;5;6;3;5;0;0;1;4;;13;6;19;6;4;7;11;3;0;2;2;;16;20;36;9;11;;;;;;;;;18;6;24;1;5
12.09.2021;Stadtratswahl;03403000;211;211 Grundschule Drielake;1;1;1357;323;0;1680;545;0;6;539;1594;175;216;391;111;50;13;2;9;3;8;5;4;3;5;3;101;70;171;35;8;4;7;4;1;1;0;2;6;0;2;347;214;561;82;43;21;10;21;18;13;6;;;143;127;270;49;15;41;2;20;32;16;48;4;3;3;3;2;1;0;0;;41;15;56;15;5;1;6;1;0;0;0;;25;26;51;7;19;;;;;;;;;19;21;40;10;11
12.09.2021;Stadtratswahl;03403000;212;212 Grundschule Drielake;1;1;1258;265;0;1523;525;0;14;511;1500;232;288;520;171;58;21;11;4;2;10;1;1;5;4;0;58;90;148;39;11;1;2;2;4;2;1;0;1;0;27;266;173;439;65;47;9;8;12;7;9;16;;;97;138;235;40;19;57;9;13;16;23;39;9;3;3;4;2;1;1;0;;33;30;63;30;5;10;15;1;9;0;0;;18;8;26;6;2;;;;;;;;;10;5;15;1;4
12.09.2021;Stadtratswahl;03403000;213;213 GS Paul-Maar-Schule;1;1;1037;233;0;1270;495;0;5;490;1414;234;261;495;178;28;11;7;8;6;4;4;3;4;2;6;94;187;281;77;11;15;16;1;16;8;3;8;12;3;17;182;141;323;29;30;11;17;17;11;15;11;;;32;52;84;19;2;27;2;2;72;42;114;16;5;2;10;0;1;3;5;;30;20;50;20;1;7;8;3;4;0;0;;12;17;29;7;10;;;;;;;;;18;12;30;8;4
12.09.2021;Stadtratswahl;03403000;214;214 GS Drielake;1;1;885;340;0;1225;435;0;4;431;1264;141;304;445;209;47;9;13;3;4;7;3;1;4;3;1;85;174;259;55;16;10;6;31;12;4;10;1;1;3;25;185;163;348;88;37;6;4;5;4;7;12;;;43;42;85;22;3;9;1;7;23;19;42;9;2;1;5;0;1;0;1;;32;11;43;11;0;4;4;1;1;2;0;;4;6;10;2;4;;;;;;;;;24;4;28;2;2
12.09.2021;Stadtratswahl;03403000;301;301 Grundschule Bloherfelde;1;1;1133;350;0;1483;578;0;11;567;1659;233;320;553;95;59;81;23;16;5;8;2;7;2;5;17;169;119;288;43;23;16;2;8;4;8;1;5;2;5;2;305;208;513;82;29;10;13;10;22;23;19;;;66;47;113;14;25;6;2;;41;39;80;23;2;3;4;3;4;;;;37;13;50;13;4;9;13;4;0;2;3;;8;7;15;7;;6;3;9;3;;;;;15;10;25;5;5
12.09.2021;Stadtratswahl;03403000;302;302 Gymnasium Eversten;1;1;1258;224;0;1482;420;0;13;407;1183;182;165;347;50;38;16;22;10;2;6;5;7;2;4;3;102;102;204;32;24;7;6;13;3;0;6;0;2;8;1;265;120;385;43;12;14;8;7;5;13;18;;;70;38;108;10;19;6;3;;21;13;34;7;1;2;3;0;0;;;;24;16;40;16;1;2;3;0;1;0;1;;11;6;17;6;;7;13;20;13;;;;;24;1;25;1;0
12.09.2021;Stadtratswahl;03403000;303;303 Grundschule Bloherfelde;1;1;1539;443;0;1982;747;0;12;735;2147;317;404;721;129;99;84;11;13;9;13;4;8;2;12;20;168;208;376;74;37;10;9;13;8;18;0;7;1;21;10;527;215;742;79;38;28;15;7;13;18;17;;;82;41;123;13;14;8;6;;31;25;56;17;4;0;2;1;1;;;;28;8;36;8;8;5;13;1;0;2;2;;12;10;22;10;;10;3;13;3;;;;;28;17;45;12;5
12.09.2021;Stadtratswahl;03403000;304;304 Grundschule Bloherfelde;1;1;874;257;0;1131;445;0;7;438;1284;173;181;354;62;52;23;13;8;2;6;2;5;0;2;6;105;88;193;25;15;12;2;1;2;18;2;0;0;10;1;314;169;483;71;25;14;15;5;13;13;13;;;66;27;93;15;9;2;1;;44;16;60;11;2;2;1;0;0;;;;26;5;31;5;4;6;10;3;3;0;0;;6;5;11;5;;17;7;24;7;;;;;21;4;25;3;1
12.09.2021;Stadtratswahl;03403000;305;305 Gymnasium Eversten;1;1;1094;377;0;1471;590;0;16;574;1581;221;168;389;45;57;20;5;14;2;9;2;5;3;3;3;14;135;149;52;25;10;6;9;11;2;2;2;3;8;5;433;255;688;80;76;25;23;6;12;21;12;;;109;62;171;23;27;7;5;;11;25;36;17;1;5;1;0;1;;;;34;8;42;8;3;2;5;0;1;0;1;;19;28;47;28;;11;7;18;7;;;;;30;6;36;2;4
12.09.2021;Stadtratswahl;03403000;306;306 Grundschule Wechloy;1;1;1153;396;0;1549;557;0;7;550;1623;171;164;335;51;27;33;7;11;6;4;10;6;2;1;6;97;117;214;50;22;7;3;10;3;7;7;1;2;4;1;428;296;724;120;30;39;34;8;8;30;27;;;105;31;136;11;14;1;5;;34;40;74;20;9;3;3;0;5;;;;25;10;35;10;5;5;10;1;0;1;3;;24;5;29;5;;12;14;26;14;;;;;34;6;40;4;2
12.09.2021;Stadtratswahl;03403000;307;307 BBS Haarentor;1;1;1340;395;0;1735;596;0;6;590;1745;188;171;359;63;33;12;13;19;1;10;7;4;1;0;8;97;92;189;38;27;4;4;6;2;1;0;2;1;7;0;506;205;711;52;25;29;41;9;8;26;15;;;143;92;235;34;49;5;4;;48;22;70;14;0;2;3;0;3;;;;24;10;34;10;9;3;12;3;0;0;0;;17;23;40;23;;12;7;19;7;;;;;50;26;76;21;5
12.09.2021;Stadtratswahl;03403000;308;308 Freiwillige Feuerwehr Haarentor;1;1;1271;370;0;1641;612;0;10;602;1763;207;157;364;46;24;14;14;16;5;13;6;10;1;7;1;107;121;228;31;45;5;0;13;13;2;3;0;3;6;0;490;197;687;53;26;27;35;11;6;20;19;;;122;75;197;32;27;3;13;;69;33;102;25;3;0;2;2;1;;;;18;13;31;13;3;2;5;0;1;1;0;;38;12;50;12;;34;3;37;3;;;;;47;15;62;12;3
12.09.2021;Stadtratswahl;03403000;309;309 Grundschule Babenend;1;1;1346;441;0;1787;756;0;11;745;2180;333;262;595;110;28;27;29;16;6;16;7;6;3;6;8;192;202;394;56;40;10;4;12;18;5;20;11;2;21;3;528;242;770;72;28;28;34;11;16;32;21;;;110;53;163;20;17;9;7;;51;42;93;16;6;2;4;10;4;;;;27;19;46;19;6;9;15;2;0;2;5;;18;22;40;22;;13;2;15;2;;;;;37;12;49;9;3
12.09.2021;Stadtratswahl;03403000;310;310 Grundschule Dietrichsfeld;1;1;1384;433;0;1817;682;0;13;669;1983;289;247;536;88;30;21;39;12;9;11;9;10;4;4;10;116;156;272;44;19;6;4;5;5;6;15;1;1;49;1;440;239;679;69;41;21;35;22;16;20;15;;;117;55;172;21;32;1;1;;69;36;105;14;5;4;2;1;10;;;;49;29;78;29;12;1;13;0;0;0;1;;25;8;33;8;;6;10;16;10;;;;;57;22;79;16;6
12.09.2021;Stadtratswahl;03403000;311;311 Grundschule Dietrichfeld;1;1;1270;266;0;1536;528;0;4;524;1525;227;240;467;112;34;19;20;18;3;11;10;8;1;1;3;133;113;246;31;18;5;3;3;3;8;9;3;1;28;1;287;145;432;38;23;11;29;12;8;11;13;;;92;52;144;22;23;3;4;;35;46;81;22;5;5;3;5;6;;;;32;15;47;15;11;3;14;0;0;2;1;;26;4;30;4;;14;3;17;3;;;;;30;17;47;11;6
12.09.2021;Stadtratswahl;03403000;312;312 Grundschule Babenend;1;1;1057;226;0;1283;470;0;9;461;1347;236;194;430;79;16;19;22;15;2;10;3;16;3;4;5;141;129;270;47;31;9;1;5;11;1;5;5;1;9;4;221;116;337;42;16;13;16;9;4;7;9;;;71;65;136;21;34;6;4;;41;27;68;8;5;4;2;3;5;;;;12;17;29;17;4;7;11;4;0;2;1;;4;8;12;8;;13;1;14;1;;;;;34;6;40;3;3
12.09.2021;Stadtratswahl;03403000;313;313 Grundschule Dietrichsfeld;1;1;1386;367;0;1753;504;0;15;489;1443;178;190;368;59;20;20;20;16;10;15;10;7;1;6;6;129;104;233;29;13;14;1;5;4;14;11;0;3;10;0;302;166;468;59;25;16;12;14;7;20;13;;;76;52;128;29;8;4;11;;35;29;64;21;0;4;3;1;0;;;;38;17;55;17;6;24;30;20;1;1;2;;20;18;38;18;;14;15;29;15;;;;;18;12;30;11;1
12.09.2021;Stadtratswahl;03403000;314;314 Jugendfreizeitstätte Bürgerfelde;1;1;1091;298;0;1389;520;0;5;515;1493;286;209;495;73;24;23;17;24;4;12;10;4;5;4;9;159;123;282;35;25;6;5;15;10;2;7;1;0;13;4;272;127;399;32;20;14;19;3;10;14;15;;;59;39;98;19;10;4;6;;36;36;72;21;4;2;3;3;3;;;;13;11;24;11;10;20;30;13;3;1;3;;13;5;18;5;;16;2;18;2;;;;;41;16;57;15;1
12.09.2021;Stadtratswahl;03403000;400;400 GS Alexandersfeld;1;1;822;286;0;1108;460;0;10;450;1349;196;199;395;81;17;14;15;31;6;5;14;5;7;1;3;109;138;247;74;24;15;4;3;4;1;6;4;3;;;300;167;467;47;38;13;15;13;11;4;13;9;4;41;29;70;4;15;5;5;;36;25;61;12;3;1;5;1;0;0;1;2;9;26;35;26;12;6;18;1;1;1;3;;9;4;13;2;2;10;8;18;8;0;3;3;3;17;5;22;5;
12.09.2021;Stadtratswahl;03403000;401;401 GS Alexandersfeld;1;1;1340;356;0;1696;724;0;13;711;2074;424;382;806;143;70;33;24;24;21;7;19;13;13;9;6;166;231;397;87;59;39;12;7;9;3;6;7;2;;;276;146;422;39;21;23;16;9;10;8;6;12;2;72;37;109;12;16;7;2;;80;46;126;18;6;4;11;2;1;0;2;2;61;32;93;32;6;15;21;5;4;4;2;;8;9;17;5;4;13;1;14;1;0;25;25;25;40;4;44;4;
12.09.2021;Stadtratswahl;03403000;402;402 GS Alexandersfeld;1;1;1199;299;0;1498;597;0;10;587;1711;329;244;573;83;24;25;21;17;15;6;23;9;6;11;4;158;172;330;89;22;15;9;10;7;4;5;10;1;;;314;159;473;35;32;23;14;5;9;14;18;7;2;56;34;90;10;14;4;6;;61;38;99;19;4;1;3;2;1;1;0;7;39;30;69;30;5;1;6;0;0;1;0;;8;1;9;1;0;17;7;24;7;0;22;22;22;15;1;16;1;
12.09.2021;Stadtratswahl;03403000;403;403 Oberschule Ofenerdiek;1;1;1224;361;0;1585;533;0;7;526;1538;298;303;601;119;34;68;19;7;12;10;10;5;10;8;1;94;151;245;66;32;19;8;3;4;3;3;5;8;;;241;116;357;40;26;8;8;6;7;2;9;10;0;39;31;70;14;6;9;2;;42;39;81;8;4;2;12;3;7;0;1;2;36;22;58;22;3;3;6;1;2;0;0;;12;2;14;1;1;5;2;7;2;0;78;78;78;13;8;21;8;
12.09.2021;Stadtratswahl;03403000;404;404 Oberschule Ofenerdiek;1;1;1118;342;0;1460;555;0;19;536;1576;252;345;597;98;37;105;30;29;14;8;9;2;6;6;1;102;189;291;95;32;29;6;6;5;5;4;4;3;;;200;132;332;28;34;17;11;10;5;6;14;4;3;57;23;80;10;5;5;3;;35;44;79;15;2;9;3;10;1;0;2;2;31;36;67;36;2;4;6;2;1;0;1;;20;7;27;3;4;9;9;18;9;0;50;50;50;24;5;29;5;
12.09.2021;Stadtratswahl;03403000;405;405 Oberschule Ofenerdiek;1;1;1162;298;0;1460;510;0;5;505;1487;268;290;558;80;18;89;19;20;15;7;6;5;15;12;4;124;162;286;63;27;30;12;7;4;0;8;9;2;;;210;108;318;36;22;12;13;2;6;2;10;5;0;46;31;77;10;14;6;1;;53;33;86;14;6;3;1;1;0;3;0;5;44;26;70;26;10;7;17;2;2;2;1;;6;3;9;2;1;4;0;4;0;0;32;32;32;14;16;30;16;
12.09.2021;Stadtratswahl;03403000;406;406 Oberschule Ofenerdiek;1;1;1239;388;0;1627;606;0;30;576;1714;341;341;682;111;26;115;26;17;10;3;7;10;8;3;5;110;170;280;75;41;22;7;2;7;6;7;3;0;;;298;176;474;41;45;20;19;3;11;3;22;8;4;57;16;73;9;4;1;2;;50;51;101;10;7;2;3;6;3;7;5;8;24;19;43;19;0;1;1;1;0;0;0;;13;8;21;3;5;6;0;6;0;0;19;19;19;12;2;14;2;
12.09.2021;Stadtratswahl;03403000;407;407 Oberschule Ofenerdiek;1;1;1128;334;0;1462;546;0;5;541;1593;239;225;464;81;26;48;19;8;3;3;11;4;12;10;0;163;246;409;99;53;26;17;5;13;1;8;4;20;;;285;114;399;33;27;12;7;2;11;3;14;5;0;45;22;67;7;9;4;2;;30;37;67;9;2;1;3;7;3;8;1;3;44;42;86;42;0;6;6;3;3;0;0;;9;1;10;1;0;15;3;18;3;0;45;45;45;13;9;22;9;
12.09.2021;Stadtratswahl;03403000;408;408 Ev. Kirchengemeinde Ofenerdiek;1;1;1261;401;0;1662;667;0;7;660;1925;222;289;511;81;36;73;22;15;4;23;15;3;10;4;3;225;276;501;154;38;32;20;6;6;4;9;5;2;;;357;192;549;41;48;22;28;10;12;5;13;13;0;38;43;81;16;14;12;1;;84;29;113;14;3;0;2;3;2;1;1;3;29;29;58;29;14;13;27;7;1;5;0;;8;16;24;7;9;1;3;4;3;0;22;22;22;32;3;35;3;
12.09.2021;Stadtratswahl;03403000;409;409 Seniorentreffpunkt am Pavillon;1;1;1323;217;0;1540;417;0;10;407;1195;224;225;449;73;18;43;32;17;10;1;5;3;7;13;3;88;141;229;56;4;61;2;2;7;1;2;1;5;;;153;132;285;41;22;19;18;3;15;3;6;3;2;49;16;65;5;6;5;0;;36;30;66;17;6;0;0;1;0;1;1;4;23;27;50;27;3;2;5;1;1;0;0;;6;5;11;3;2;6;0;6;0;0;2;2;2;26;1;27;1;
12.09.2021;Stadtratswahl;03403000;410;410 Grundschule Etzhorn;1;1;1288;382;0;1670;791;0;19;772;2259;399;415;814;125;42;64;29;31;12;5;29;14;44;17;3;217;275;492;146;31;51;3;22;12;1;3;5;1;;;356;203;559;58;44;16;15;22;6;5;20;15;2;64;31;95;12;12;4;3;;90;64;154;19;2;4;9;11;1;2;6;10;23;24;47;24;8;5;13;1;3;0;1;;5;7;12;4;3;20;1;21;1;0;4;4;4;31;17;48;17;
12.09.2021;Stadtratswahl;03403000;411;411 GS Nadorst;1;1;1353;392;0;1745;660;0;13;647;1910;235;291;526;94;24;44;26;30;21;10;14;5;12;7;4;197;280;477;152;19;31;21;18;12;9;12;5;1;;;318;155;473;38;41;20;12;4;12;9;11;8;0;54;32;86;16;8;6;2;;116;80;196;16;10;5;9;2;2;23;5;8;32;25;57;25;20;5;25;1;1;2;1;;22;12;34;12;0;3;4;7;4;0;4;4;4;12;13;25;13;
12.09.2021;Stadtratswahl;03403000;412;412 IGS Flötenteich;1;1;1205;247;0;1452;385;0;8;377;1104;192;155;347;44;34;18;13;16;3;5;8;1;8;2;3;72;170;242;60;12;76;3;1;5;1;10;1;1;;;171;69;240;10;10;19;3;8;4;3;10;1;1;63;28;91;9;7;9;3;;35;37;72;7;7;2;11;3;3;0;0;4;29;17;46;17;9;6;15;3;1;2;0;;10;6;16;4;2;14;2;16;2;0;1;1;1;10;8;18;8;
12.09.2021;Stadtratswahl;03403000;413;413 IGS Flötenteich;1;1;1373;222;0;1595;480;0;5;475;1003;112;213;325;73;24;30;8;11;11;4;22;4;13;4;9;39;132;171;64;20;9;3;17;8;2;5;4;0;;;136;148;284;41;42;20;21;4;7;3;5;4;1;33;20;53;6;11;1;2;;30;33;63;16;8;3;2;3;0;0;0;1;13;34;47;34;1;8;9;2;0;6;0;;7;11;18;1;10;6;13;19;13;0;2;2;2;8;4;12;4;
12.09.2021;Stadtratswahl;03403000;414;414 IGS Flötenteich;1;1;877;146;0;1023;278;0;4;274;728;109;135;244;39;14;19;16;17;6;6;8;3;3;2;2;52;65;117;33;2;13;2;4;1;1;4;3;2;;;164;58;222;11;11;7;8;6;3;2;7;2;1;18;46;64;10;19;17;0;;8;16;24;5;2;1;1;1;1;0;4;1;7;24;31;24;3;0;3;0;0;0;0;;2;9;11;3;6;3;3;6;3;0;2;2;2;3;1;4;1;
12.09.2021;Stadtratswahl;03403000;415;415 Grundschule Ohmstede;1;1;1308;333;0;1641;594;0;11;583;1709;294;284;578;101;47;27;32;20;3;12;7;4;13;15;3;93;176;269;113;10;24;7;8;10;3;0;1;0;;;317;174;491;40;39;22;11;11;15;2;10;23;1;97;42;139;12;22;5;3;;60;33;93;14;6;3;3;5;0;1;0;1;15;21;36;21;8;2;10;2;0;0;0;;18;5;23;4;1;22;0;22;0;0;1;1;1;28;19;47;19;
12.09.2021;Stadtratswahl;03403000;416;416 Grundschule Ohmstede;1;1;1247;288;0;1535;705;0;12;693;2021;315;356;671;78;75;54;24;37;27;6;11;5;15;20;4;148;315;463;176;33;44;15;8;16;1;16;3;3;;;350;203;553;37;41;28;21;21;17;6;16;11;5;65;37;102;15;14;7;1;;47;21;68;5;1;1;4;0;2;1;1;6;38;30;68;30;5;6;11;3;1;1;1;;23;3;26;0;3;4;0;4;0;0;6;6;6;38;11;49;11;
12.09.2021;Stadtratswahl;03403000;501;501 LAVES;1;1;1141;221;0;1362;438;0;7;431;1284;188;314;502;175;17;23;39;9;10;8;2;5;3;18;5;168;156;324;57;40;17;23;2;7;1;7;2;0;;;112;80;192;27;9;16;3;4;2;6;13;;;39;41;80;33;2;6;;;39;20;59;14;0;1;1;1;2;1;;;46;21;67;21;3;4;7;2;1;1;;;1;7;8;4;3;7;6;13;6;;;;;20;12;32;12;
12.09.2021;Stadtratswahl;03403000;502;502 Kindertagesstätte Harreweg;1;1;1229;300;0;1529;481;0;15;466;1357;256;248;504;66;26;15;45;35;15;7;5;9;8;16;1;103;123;226;42;24;17;8;7;7;9;4;4;1;;;164;125;289;50;27;15;7;1;4;10;11;;;54;61;115;30;27;4;;;35;26;61;13;4;0;6;1;2;0;;;24;23;47;23;5;10;15;8;1;1;;;24;4;28;2;2;7;11;18;11;;;;;32;22;54;22;
12.09.2021;Stadtratswahl;03403000;503;503 Grundschule Bümmerstede;1;1;1123;219;0;1342;434;0;11;423;1236;230;197;427;86;20;11;41;1;10;5;1;2;2;9;9;132;139;271;42;33;16;26;4;8;5;2;0;3;;;135;97;232;41;5;20;9;5;4;4;9;;;44;43;87;11;28;4;;;46;27;73;9;6;1;3;1;6;1;;;41;17;58;17;9;1;10;0;1;0;;;27;7;34;3;4;18;1;19;1;;;;;15;10;25;10;
12.09.2021;Stadtratswahl;03403000;504;504 Grundschule Bümmerstede;1;1;1164;200;0;1364;455;0;11;444;1279;283;299;582;108;34;17;71;7;19;15;4;5;4;12;3;107;107;214;53;14;12;14;2;1;6;3;2;0;;;134;59;193;14;12;11;3;0;1;9;9;;;45;52;97;18;34;0;;;25;25;50;14;2;0;4;0;4;1;;;41;22;63;22;4;12;16;1;4;7;;;8;14;22;6;8;6;7;13;7;;;;;8;21;29;21;
12.09.2021;Stadtratswahl;03403000;505;505 Jugendfreizeitstätte Dwaschweg;1;1;1307;175;0;1482;549;0;9;540;1606;257;240;497;68;58;26;34;6;11;7;6;7;3;13;1;129;194;323;59;41;35;30;5;4;13;2;3;2;;;191;117;308;42;16;23;3;4;5;8;16;;;56;84;140;24;51;9;;;54;35;89;15;5;3;1;4;5;2;;;69;62;131;62;5;4;9;1;2;1;;;14;18;32;11;7;13;22;35;22;;;;;25;17;42;17;
12.09.2021;Stadtratswahl;03403000;506;506 GS Unter dem Regenbogen;1;1;1355;174;0;1529;310;0;15;295;853;136;102;238;37;23;5;13;5;3;5;1;6;1;2;1;61;60;121;25;15;7;2;5;2;3;1;0;0;;;116;90;206;24;11;14;6;4;11;8;12;;;64;24;88;7;8;9;;;41;23;64;13;1;2;4;0;2;1;;;33;21;54;21;3;4;7;4;0;0;;;13;13;26;9;4;3;0;3;0;;;;;29;17;46;17;
12.09.2021;Stadtratswahl;03403000;507;507 GS Unter dem Regenbogen;1;1;1380;225;0;1605;435;0;16;419;1208;255;198;453;65;21;13;34;9;17;10;0;7;4;17;1;131;126;257;47;29;19;12;6;3;4;3;2;1;;;144;78;222;35;10;13;1;1;5;2;11;;;61;54;115;20;27;7;;;9;12;21;5;3;2;0;0;2;0;;;57;35;92;35;4;3;7;1;1;1;;;2;11;13;7;4;6;2;8;2;;;;;11;9;20;9;
12.09.2021;Stadtratswahl;03403000;508;508 Kindertagesstätte Harreweg;1;1;1056;300;0;1356;516;0;14;502;1452;258;202;460;65;21;24;32;8;8;10;0;4;3;24;3;148;132;280;69;26;4;12;1;6;6;3;2;3;;;215;139;354;61;22;21;5;2;7;6;15;;;54;41;95;13;28;0;;;24;29;53;12;5;4;3;5;0;0;;;37;42;79;42;4;7;11;4;1;2;;;20;10;30;6;4;5;2;7;2;;;;;29;54;83;54;
12.09.2021;Stadtratswahl;03403000;509;509 Kindertagesstätte Harreweg;1;1;1131;212;0;1343;387;0;4;383;1122;142;189;331;66;30;14;17;9;6;10;4;11;7;9;6;84;128;212;80;16;12;4;6;3;4;0;1;2;;;190;65;255;25;9;10;4;5;3;4;5;;;33;45;78;11;29;5;;;35;43;78;14;5;5;6;6;6;1;;;76;26;102;26;0;10;10;3;3;4;;;10;13;23;12;1;2;1;3;1;;;;;18;12;30;12;
12.09.2021;Stadtratswahl;03403000;510;510 IGS Kreyenbrück;1;1;1354;161;0;1515;355;0;8;347;1010;228;184;412;47;25;14;36;6;11;14;6;4;2;16;3;66;72;138;20;6;16;6;2;5;4;9;2;2;;;115;86;201;23;10;18;4;1;6;8;16;;;25;20;45;9;4;7;;;34;30;64;18;1;0;0;1;7;3;;;57;38;95;38;0;1;1;1;0;0;;;11;14;25;4;10;0;5;5;5;;;;;12;12;24;12;
12.09.2021;Stadtratswahl;03403000;511;511 IGS Kreyenbrück, SEK I;1;1;1079;258;0;1337;382;0;10;372;1080;205;208;413;55;30;9;48;10;9;7;3;6;1;21;9;94;104;198;59;17;6;12;1;2;3;3;1;0;;;171;80;251;23;11;18;5;1;6;3;13;;;41;40;81;18;22;0;;;34;17;51;6;7;0;1;1;2;0;;;27;18;45;18;0;2;2;0;1;1;;;8;3;11;1;2;1;0;1;0;;;;;15;12;27;12;
12.09.2021;Stadtratswahl;03403000;512;512 IGS Kreyenbrück;1;1;1344;244;0;1588;438;0;10;428;1239;216;175;391;51;26;16;33;9;5;6;1;11;1;13;3;121;103;224;24;15;26;5;10;7;7;3;6;0;;;219;90;309;28;14;24;2;5;2;2;13;;;72;44;116;18;20;6;;;39;24;63;15;0;1;2;1;5;0;;;52;22;74;22;3;7;10;2;3;2;;;15;18;33;6;12;5;3;8;3;;;;;9;2;11;2;
12.09.2021;Stadtratswahl;03403000;513;513 IGS Kreyenbrück, SEK I;1;1;941;334;0;1275;362;0;7;355;1044;244;166;410;49;10;9;26;7;7;10;2;8;0;33;5;94;60;154;18;10;9;3;2;3;4;3;3;5;;;190;92;282;31;29;12;2;1;3;2;12;;;34;38;72;14;17;7;;;21;28;49;15;2;3;5;1;2;0;;;29;20;49;20;3;0;3;0;0;0;;;5;4;9;0;4;0;2;2;2;;;;;5;9;14;9;
12.09.2021;Stadtratswahl;03403000;514;514 Grundschule Krusenbusch;1;1;996;163;0;1159;428;0;14;414;1214;170;281;451;44;19;96;37;8;21;8;2;9;4;22;11;64;208;272;18;18;20;35;6;4;95;8;0;4;;;133;88;221;29;5;21;5;2;5;10;11;;;34;57;91;19;33;5;;;23;33;56;4;0;7;4;8;6;4;;;34;35;69;35;3;15;18;4;9;2;;;8;9;17;1;8;3;2;5;2;;;;;7;7;14;7;
12.09.2021;Stadtratswahl;03403000;515;515 Grundschule Krusenbusch;1;1;1609;204;0;1813;577;0;27;550;1274;119;295;414;55;14;138;29;3;13;17;4;3;6;8;5;75;183;258;36;34;21;18;3;6;58;1;3;3;;;75;98;173;35;15;21;5;2;2;11;7;;;31;151;182;13;136;2;;;38;45;83;12;3;9;7;2;11;1;;;26;107;133;107;4;1;5;0;0;1;;;6;8;14;5;3;3;1;4;1;;;;;5;3;8;3;
12.09.2021;Stadtratswahl;03403000;516;516 GS Paul-Maar-Schule;1;1;1126;269;0;1395;482;0;10;472;1385;215;209;424;52;22;31;28;15;4;11;3;18;3;18;4;137;168;305;36;35;25;34;7;6;13;4;2;6;;;207;103;310;37;9;19;3;11;5;2;17;;;55;38;93;8;26;4;;;44;44;88;16;6;6;3;5;7;1;;;41;38;79;38;1;4;5;3;0;1;;;8;10;18;3;7;10;3;13;3;;;;;34;16;50;16;
12.09.2021;Stadtratswahl;03403000;517;517 GS Paul-Maar-Schule;1;1;933;278;0;1211;543;0;10;533;1561;297;200;497;54;25;27;28;11;12;8;1;12;3;17;2;184;131;315;25;65;5;18;7;2;5;1;1;2;;;315;170;485;54;23;31;10;7;9;16;20;;;37;15;52;13;1;1;;;58;21;79;9;1;4;4;0;3;0;;;22;11;33;11;8;4;12;0;1;3;;;5;5;10;2;3;8;17;25;17;;;;;29;24;53;24;
12.09.2021;Stadtratswahl;03403000;601;601 Grundschule Hogenkamp;1;1;1036;336;0;1372;562;0;13;549;1622;256;294;550;97;37;28;7;56;14;25;7;12;3;6;2;177;229;406;78;38;36;3;2;3;33;14;12;7;3;;273;141;414;35;42;19;8;20;8;7;2;;;41;21;62;5;5;11;0;;37;52;89;21;16;8;0;0;0;7;;;24;5;29;5;0;5;5;3;1;0;1;0;14;1;15;0;1;21;9;30;9;;;;;17;5;22;5;
12.09.2021;Stadtratswahl;03403000;602;602 Grundschule Hogenkamp;1;1;976;321;0;1297;592;0;2;590;1742;230;302;532;79;41;14;4;30;10;9;88;2;2;1;22;151;236;387;99;53;25;3;7;7;7;6;17;6;6;;315;187;502;63;44;22;9;23;11;5;10;;;80;42;122;4;16;13;9;;17;38;55;19;9;1;1;5;1;2;;;35;10;45;10;1;11;12;3;1;0;7;0;17;4;21;3;1;20;4;24;4;;;;;29;13;42;13;
12.09.2021;Stadtratswahl;03403000;603;603 Grundschule Hogenkamp;1;1;1082;218;0;1300;499;0;6;493;1443;245;277;522;107;39;26;8;30;12;17;8;3;13;10;4;115;173;288;59;64;13;5;8;7;11;1;4;1;0;;216;128;344;34;39;9;5;19;5;5;12;;;71;44;115;16;13;12;3;;23;51;74;15;16;7;3;1;4;5;;;24;25;49;25;9;4;13;0;1;1;2;0;7;6;13;2;4;10;3;13;3;;;;;6;6;12;6;
12.09.2021;Stadtratswahl;03403000;604;604 Grundschule Hogenkamp;1;1;1259;507;0;1766;623;0;8;615;1817;204;213;417;66;31;23;7;24;7;35;8;2;2;4;4;185;212;397;79;39;26;8;10;8;20;9;8;1;4;;375;237;612;67;64;33;17;35;5;3;13;;;84;41;125;11;14;9;7;;56;39;95;13;8;4;0;3;2;9;;;20;23;43;23;1;16;17;1;11;0;1;3;15;6;21;3;3;21;7;28;7;;;;;50;12;62;12;
12.09.2021;Stadtratswahl;03403000;605;605 LBZ für Hörgeschädigte;1;1;1570;444;0;2014;684;0;14;670;1882;218;273;491;93;52;25;8;26;14;11;16;3;0;12;13;178;207;385;80;35;35;3;7;6;16;7;10;4;4;;420;224;644;60;55;17;25;39;12;5;11;;;83;59;142;9;26;14;10;;31;38;69;12;15;5;0;0;2;4;;;39;25;64;25;7;24;31;5;15;1;3;0;11;12;23;10;2;8;1;9;1;;;;;14;10;24;10;
12.09.2021;Stadtratswahl;03403000;606;606 LBZ für Hörgeschädigte;1;1;1176;361;0;1537;528;0;6;522;1535;250;242;492;105;24;24;7;21;4;23;12;6;4;4;8;135;175;310;68;37;12;5;12;4;17;6;7;2;5;;286;175;461;56;40;24;13;19;7;3;13;;;58;25;83;4;11;5;5;;38;21;59;9;3;2;5;0;0;2;;;23;22;45;22;6;15;21;3;12;0;0;0;10;2;12;1;1;19;12;31;12;;;;;12;9;21;9;
12.09.2021;Stadtratswahl;03403000;607;607 IGS Helene-Lange-Schule;1;1;1100;333;0;1433;490;0;5;485;1369;154;202;356;75;33;19;1;19;11;31;7;4;0;1;1;117;189;306;87;53;12;2;2;5;14;5;8;1;0;;233;192;425;46;45;15;13;48;11;7;7;;;51;41;92;11;10;11;9;;62;29;91;11;9;3;4;1;0;1;;;25;12;37;12;2;6;8;0;6;0;0;0;9;11;20;7;4;12;1;13;1;;;;;9;12;21;12;
12.09.2021;Stadtratswahl;03403000;608;608 Kath. Grundschule Eversten;1;1;1236;272;0;1508;427;0;4;423;1246;132;194;326;52;38;23;6;33;7;10;12;4;1;2;6;126;111;237;45;14;13;3;3;3;11;6;12;1;0;;251;152;403;29;36;28;14;23;7;5;10;;;42;64;106;14;36;9;5;;42;20;62;7;3;4;4;0;0;2;;;25;11;36;11;3;5;8;1;1;2;1;0;13;7;20;1;6;10;4;14;4;;;;;27;7;34;7;
12.09.2021;Stadtratswahl;03403000;609;609 Kath. Grundschule Eversten;1;1;1151;395;0;1546;596;0;10;586;1754;195;261;456;112;32;28;11;26;10;19;2;7;3;4;7;125;214;339;100;56;8;2;14;4;10;8;5;2;5;;385;242;627;70;66;29;21;29;9;4;14;;;88;29;117;9;7;10;3;;43;35;78;10;14;1;1;3;0;6;;;25;10;35;10;8;10;18;3;5;1;1;0;13;6;19;3;3;15;6;21;6;;;;;31;13;44;13;
12.09.2021;Stadtratswahl;03403000;610;610 Comeniusschule;1;1;1141;283;0;1424;489;0;9;480;1422;194;185;379;49;32;51;2;17;7;6;4;2;3;3;9;88;137;225;47;38;8;3;2;6;10;12;6;1;4;;284;185;469;55;31;26;11;31;13;11;7;;;133;40;173;9;15;8;8;;35;16;51;6;4;4;0;1;0;1;;;24;11;35;11;0;9;9;1;1;1;6;0;14;8;22;2;6;15;1;16;1;;;;;27;16;43;16;
12.09.2021;Stadtratswahl;03403000;611;611 IGS Helene-Lange-Schule;1;1;1072;373;0;1445;600;0;8;592;1763;226;201;427;53;16;20;5;10;11;61;13;2;4;3;3;168;213;381;84;57;13;6;8;4;19;10;11;0;1;;386;211;597;52;74;22;14;27;7;3;12;;;95;41;136;12;14;11;4;;50;59;109;15;15;9;11;3;1;5;;;19;6;25;6;5;1;6;0;1;0;0;0;5;6;11;2;4;15;8;23;8;;;;;38;10;48;10;
12.09.2021;Stadtratswahl;03403000;612;612 Oberschule Eversten;1;1;986;341;0;1327;475;0;12;463;1371;196;156;352;69;18;16;1;11;8;3;7;9;2;3;9;98;166;264;61;21;24;3;16;5;11;17;6;1;1;;307;168;475;45;43;13;13;28;7;13;6;;;51;39;90;20;7;6;6;;45;31;76;15;10;1;0;1;0;4;;;16;4;20;4;5;8;13;0;8;0;0;0;13;9;22;4;5;15;4;19;4;;;;;31;9;40;9;
12.09.2021;Stadtratswahl;03403000;613;613 Oberschule Eversten;1;1;1103;460;0;1563;502;0;4;498;1475;208;192;400;73;23;22;0;24;13;9;19;2;3;0;4;115;125;240;49;22;6;6;6;6;16;8;4;1;1;;321;167;488;46;41;25;20;26;6;2;1;;;95;39;134;6;15;10;8;;47;33;80;6;8;8;5;0;1;5;;;22;14;36;14;1;9;10;2;5;1;0;1;14;13;27;6;7;23;7;30;7;;;;;22;8;30;8;
12.09.2021;Stadtratswahl;03403000;614;614 LBZ für Hörgeschädigte;1;1;1058;278;0;1336;501;0;5;496;1475;182;226;408;92;20;23;4;17;9;30;14;6;3;3;5;116;181;297;57;50;13;6;5;6;15;9;12;4;4;;277;192;469;51;60;19;16;22;8;5;11;;;62;43;105;8;21;8;6;;50;41;91;10;21;1;3;0;1;5;;;24;12;36;12;4;7;11;0;4;2;1;0;23;8;31;4;4;8;3;11;3;;;;;12;4;16;4;
12.09.2021;Stadtratswahl;03403000;910;910 Briefwahl;1;1;0;0;0;0;631;631;4;627;1870;250;205;455;94;19;36;7;9;5;12;6;6;0;5;6;116;110;226;29;18;15;4;12;15;7;6;1;2;1;;561;222;783;49;40;44;19;8;2;21;39;;;85;65;150;30;28;3;4;;53;40;93;13;3;9;5;0;1;0;9;;33;1;34;1;4;22;26;15;3;2;2;0;12;13;25;9;4;18;10;28;10;;;;;31;19;50;8;11
12.09.2021;Stadtratswahl;03403000;911;911 Briefwahl;1;1;0;0;0;0;637;637;9;628;1838;276;223;499;87;29;25;12;12;16;12;12;3;3;10;2;139;116;255;38;13;13;5;21;7;7;7;2;2;1;;533;181;714;40;19;35;18;16;2;14;37;;;60;68;128;30;30;3;5;;43;43;86;20;8;2;2;0;3;1;7;;18;6;24;6;5;33;38;28;0;0;3;2;18;9;27;3;6;5;14;19;14;;;;;39;9;48;4;5
12.09.2021;Stadtratswahl;03403000;912;912 Briefwahl;1;1;0;0;0;0;654;654;9;645;1928;279;187;466;54;35;27;9;15;5;18;11;1;0;7;5;142;102;244;28;9;15;6;16;14;12;2;0;0;0;;561;206;767;42;35;41;25;8;9;9;37;;;116;85;201;45;33;3;4;;54;25;79;11;2;4;1;0;4;1;2;;24;17;41;17;18;34;52;28;1;1;3;1;5;11;16;6;5;24;2;26;2;;;;;22;14;36;8;6
12.09.2021;Stadtratswahl;03403000;913;913 Briefwahl;1;1;0;0;0;0;622;622;0;622;1807;252;213;465;72;36;31;9;18;3;9;12;16;1;5;1;109;125;234;37;31;15;3;13;13;2;4;1;6;0;;542;197;739;44;23;46;8;10;4;18;44;;;77;56;133;19;24;6;7;;54;37;91;20;3;2;1;0;1;0;10;;19;6;25;6;8;14;22;9;0;1;2;2;14;13;27;4;9;13;1;14;1;;;;;45;12;57;5;7
12.09.2021;Stadtratswahl;03403000;914;914 Briefwahl;1;1;0;0;0;0;628;628;4;624;1861;315;232;547;103;28;25;12;16;4;12;12;2;4;10;4;90;132;222;39;11;15;3;7;23;10;8;5;7;4;;461;222;683;59;40;30;26;19;2;12;34;;;88;66;154;22;31;8;5;;63;38;101;14;4;4;5;1;4;3;3;;20;2;22;2;16;31;47;25;1;0;5;0;15;10;25;8;2;9;5;14;5;;;;;33;13;46;4;9
12.09.2021;Stadtratswahl;03403000;915;915 Briefwahl;1;1;0;0;0;0;633;633;10;623;1858;252;223;475;72;36;38;8;13;2;19;19;2;4;4;6;132;126;258;39;18;17;2;10;17;14;4;0;5;0;;494;202;696;58;24;55;11;14;3;18;19;;;97;61;158;14;35;6;6;;60;26;86;9;5;2;3;3;2;0;2;;19;2;21;2;17;18;35;11;4;1;1;1;14;6;20;6;0;20;6;26;6;;;;;53;30;83;7;23
12.09.2021;Stadtratswahl;03403000;916;916 Briefwahl;1;1;0;0;0;0;590;590;3;587;1740;232;201;433;79;36;24;10;13;2;10;14;3;1;7;2;142;116;258;35;9;22;3;8;11;14;5;1;3;5;;415;207;622;54;26;47;15;8;9;16;32;;;128;63;191;25;28;4;6;;53;36;89;14;3;6;0;0;3;3;7;;21;3;24;3;11;26;37;17;3;0;6;0;8;5;13;4;1;8;4;12;4;;;;;38;23;61;10;13
12.09.2021;Stadtratswahl;03403000;920;920 Briefwahl;1;1;0;0;0;0;573;573;2;571;1709;204;181;385;84;51;8;7;5;4;12;2;1;2;2;3;159;140;299;47;5;13;9;0;7;20;2;4;8;0;25;421;179;600;42;50;21;14;18;13;15;6;;;76;82;158;25;1;50;3;3;65;64;129;30;3;8;12;1;3;2;5;;15;3;18;3;9;3;12;3;0;0;0;;13;31;44;7;24;;;;;;;;;40;24;64;21;3
12.09.2021;Stadtratswahl;03403000;921;921 Briefwahl;1;1;0;0;0;0;558;558;16;542;1622;188;216;404;104;67;3;6;3;3;17;2;1;3;0;7;121;138;259;51;4;10;6;1;4;31;4;2;5;2;18;395;194;589;51;59;20;16;19;12;12;5;;;58;109;167;47;2;54;0;6;52;36;88;10;2;5;14;1;1;3;0;;33;4;37;4;7;1;8;1;0;0;0;;5;8;13;1;7;;;;;;;;;41;16;57;12;4
12.09.2021;Stadtratswahl;03403000;922;922 Briefwahl;1;1;0;0;0;0;560;560;3;557;1659;191;191;382;90;35;9;11;4;4;13;7;1;7;7;3;133;171;304;61;10;8;9;4;6;21;2;9;8;3;30;389;170;559;37;45;22;13;19;8;13;13;;;74;104;178;34;11;46;5;8;40;59;99;19;2;9;12;2;0;5;10;;22;19;41;19;5;5;10;2;0;2;1;;11;13;24;3;10;;;;;;;;;44;18;62;8;10
12.09.2021;Stadtratswahl;03403000;923;923 Briefwahl;1;1;0;0;0;0;609;609;2;607;1820;261;201;462;97;47;23;6;2;3;11;4;2;1;2;3;107;196;303;86;5;11;11;12;6;21;7;2;10;2;23;395;184;579;32;47;23;20;23;14;14;11;;;109;95;204;45;2;39;0;9;78;48;126;11;0;5;15;6;3;4;4;;24;10;34;10;6;3;9;1;2;0;0;;18;18;36;8;10;;;;;;;;;43;24;67;17;7
12.09.2021;Stadtratswahl;03403000;924;924 Briefwahl;1;1;0;0;0;0;577;577;4;573;1706;191;198;389;92;34;14;5;9;3;21;5;1;8;2;4;150;177;327;69;7;13;9;9;7;19;4;2;6;5;27;381;194;575;42;54;12;13;17;22;18;16;;;93;109;202;46;4;53;1;5;52;47;99;9;0;9;12;4;1;5;7;;18;6;24;6;11;4;15;1;0;3;0;;10;13;23;2;11;;;;;;;;;36;16;52;10;6
12.09.2021;Stadtratswahl;03403000;925;925 Briefwahl;1;1;0;0;0;0;604;604;5;599;1778;236;184;420;113;19;11;8;2;6;9;4;3;1;3;5;145;158;303;64;7;7;15;1;7;22;1;1;12;4;17;459;145;604;32;39;12;7;16;7;24;8;;;104;107;211;44;8;46;0;9;67;63;130;30;1;10;8;2;3;6;3;;13;9;22;9;7;2;9;1;0;0;1;;12;19;31;3;16;;;;;;;;;38;10;48;8;2
12.09.2021;Stadtratswahl;03403000;926;926 Briefwahl;1;1;0;0;0;0;570;570;8;562;1626;223;188;411;121;19;17;6;2;3;10;3;2;2;3;0;145;138;283;53;10;10;3;4;2;25;2;1;3;2;23;339;178;517;35;51;24;10;19;10;22;7;;;76;87;163;37;2;37;7;4;63;62;125;36;0;8;4;1;2;9;2;;23;3;26;3;9;4;13;0;0;4;0;;5;26;31;15;11;;;;;;;;;35;22;57;7;15
12.09.2021;Stadtratswahl;03403000;930;930 Briefwahl;1;1;0;0;0;0;553;553;7;546;1633;236;143;379;43;17;17;10;21;9;7;2;6;2;4;5;161;116;277;21;19;14;6;10;15;10;2;3;1;12;3;453;163;616;34;22;23;23;13;6;16;26;;;91;41;132;14;17;7;3;;75;36;111;18;9;2;3;0;4;;;;13;4;17;4;5;2;7;0;0;1;1;;11;10;21;10;;12;4;16;4;;;;;43;14;57;8;6
12.09.2021;Stadtratswahl;03403000;931;931 Briefwahl;1;1;0;0;0;0;578;578;5;573;1718;290;165;455;46;30;21;17;17;5;9;2;9;1;3;5;186;123;309;17;30;10;1;13;8;11;5;0;4;21;3;454;197;651;48;32;19;33;15;11;27;12;;;50;42;92;11;18;1;12;;73;23;96;4;7;5;1;2;4;;;;10;9;19;9;8;5;13;4;0;1;0;;18;11;29;11;;6;8;14;8;;;;;33;7;40;4;3
12.09.2021;Stadtratswahl;03403000;932;932 Briefwahl;1;1;0;0;0;0;573;573;3;570;1708;292;201;493;70;45;31;11;9;2;14;6;2;2;9;0;139;110;249;23;23;18;2;6;4;8;9;2;1;11;3;480;173;653;39;21;17;30;12;10;20;24;;;48;58;106;15;38;2;3;;60;27;87;18;4;0;1;1;3;;;;18;3;21;3;4;7;11;2;1;2;2;;9;6;15;6;;16;3;19;3;;;;;40;14;54;5;9
12.09.2021;Stadtratswahl;03403000;933;933 Briefwahl;1;1;0;0;0;0;608;608;7;601;1792;241;180;421;45;40;27;12;16;5;10;7;4;1;7;6;160;144;304;48;40;12;4;6;4;8;2;1;2;15;2;433;227;660;56;31;32;29;7;12;35;25;;;89;46;135;10;25;7;4;;82;48;130;28;4;6;8;2;0;;;;24;10;34;10;14;3;17;0;1;1;1;;15;5;20;5;;10;7;17;7;;;;;37;17;54;9;8
12.09.2021;Stadtratswahl;03403000;934;934 Briefwahl;1;1;0;0;0;0;647;647;6;641;1909;295;212;507;62;32;33;27;15;4;15;3;5;3;10;3;186;150;336;39;24;6;3;19;9;21;4;8;1;14;2;481;220;701;52;27;33;33;15;13;27;20;;;76;44;120;22;19;1;2;;43;51;94;24;4;3;3;6;11;;;;13;10;23;10;12;6;18;2;0;1;3;;16;1;17;1;;12;10;22;10;;;;;56;15;71;10;5
12.09.2021;Stadtratswahl;03403000;935;935 Briefwahl;1;1;0;0;0;0;620;620;5;615;1841;299;203;502;76;39;23;22;12;4;9;6;1;1;3;7;180;160;340;24;44;13;0;12;10;10;5;4;3;31;4;456;182;638;45;28;15;21;13;13;28;19;;;83;42;125;13;16;7;6;;54;43;97;20;9;5;2;3;4;;;;20;13;33;13;9;15;24;1;0;5;9;;16;4;20;4;;14;9;23;9;;;;;29;10;39;7;3
12.09.2021;Stadtratswahl;03403000;936;936 Briefwahl;1;1;0;0;0;0;639;639;4;635;1792;291;212;503;90;35;26;10;22;6;3;3;4;4;4;5;146;146;292;24;38;4;5;6;7;18;5;2;5;30;2;396;223;619;62;27;20;45;10;8;32;19;;;77;72;149;26;36;4;6;;58;33;91;15;12;4;0;0;2;;;;15;5;20;5;15;7;22;2;0;2;3;;6;8;14;8;;20;5;25;5;;;;;45;12;57;10;2
12.09.2021;Stadtratswahl;03403000;940;940 Briefwahl;1;1;0;0;0;0;729;729;6;723;2142;431;289;720;99;40;41;22;16;8;3;25;3;15;11;6;208;254;462;136;35;36;16;5;7;2;5;10;2;;;405;148;553;17;41;22;12;16;10;8;13;7;2;69;21;90;6;11;3;1;;83;46;129;6;9;0;3;10;1;4;3;10;47;28;75;28;7;5;12;1;0;4;0;;14;8;22;3;5;13;5;18;5;0;39;39;39;21;1;22;1;
12.09.2021;Stadtratswahl;03403000;941;941 Briefwahl;1;1;0;0;0;0;640;640;0;640;1907;418;251;669;60;25;63;12;21;13;7;14;3;17;12;4;215;232;447;118;19;32;18;9;12;1;10;8;5;;;340;134;474;24;35;22;13;4;4;3;19;6;4;39;26;65;6;15;3;2;;57;45;102;3;3;12;1;6;6;9;4;1;13;24;37;24;17;5;22;2;0;3;0;;3;7;10;5;2;16;5;21;5;0;28;28;28;24;8;32;8;
12.09.2021;Stadtratswahl;03403000;942;942 Briefwahl;1;1;0;0;0;0;674;674;4;670;2005;391;251;642;70;18;62;8;25;15;6;18;0;8;12;9;233;251;484;138;21;33;19;7;12;5;3;10;3;;;383;167;550;34;45;20;18;10;9;4;16;9;2;50;16;66;10;5;1;0;;65;51;116;11;8;6;2;8;2;4;5;5;34;13;47;13;4;1;5;0;1;0;0;;7;6;13;2;4;10;1;11;1;0;46;46;46;21;4;25;4;
12.09.2021;Stadtratswahl;03403000;943;943 Briefwahl;1;1;0;0;0;0;687;687;3;684;2037;377;222;599;76;12;48;22;9;7;7;8;7;13;9;4;204;241;445;109;33;40;5;5;11;4;19;8;7;;;425;141;566;28;45;21;14;4;10;2;10;7;0;71;26;97;12;6;5;3;;76;45;121;8;4;4;5;14;2;2;5;1;40;24;64;24;3;9;12;3;0;5;1;;11;9;20;6;3;21;1;22;1;0;55;55;55;29;7;36;7;
12.09.2021;Stadtratswahl;03403000;944;944 Briefwahl;1;1;0;0;0;0;655;655;10;645;1918;409;264;673;82;32;45;20;16;8;6;24;6;7;12;6;175;181;356;92;28;21;16;4;2;1;9;5;3;;;360;163;523;28;47;14;20;10;12;4;21;3;4;65;19;84;0;12;4;3;;74;31;105;12;2;1;1;2;4;4;2;3;31;21;52;21;11;5;16;1;2;2;0;;4;3;7;2;1;10;1;11;1;0;54;54;54;32;5;37;5;
12.09.2021;Stadtratswahl;03403000;945;945 Briefwahl;1;1;0;0;0;0;678;678;10;668;1983;427;295;722;91;26;57;32;20;9;13;11;6;11;13;6;150;257;407;121;33;49;11;10;17;2;2;12;0;;;344;147;491;26;45;20;13;7;9;5;9;9;4;54;24;78;9;5;7;3;;72;52;124;16;4;10;5;3;1;4;6;3;23;19;42;19;6;9;15;1;3;3;2;;10;6;16;3;3;8;11;19;11;0;45;45;45;22;2;24;2;
12.09.2021;Stadtratswahl;03403000;946;946 Briefwahl;1;1;0;0;0;0;660;660;3;657;1954;361;297;658;65;41;51;25;21;10;8;19;19;17;15;6;218;230;448;113;31;28;13;4;11;3;13;5;9;;;302;144;446;28;27;8;17;10;10;6;24;11;3;67;29;96;12;14;3;0;;77;53;130;13;9;5;3;8;3;3;5;4;15;18;33;18;10;9;19;2;2;1;4;;18;2;20;1;1;8;9;17;9;0;49;49;49;27;11;38;11;
12.09.2021;Stadtratswahl;03403000;950;950 Briefwahl;1;1;0;0;0;0;482;482;1;481;1397;297;221;518;42;23;26;53;7;4;5;7;5;4;23;22;153;114;267;33;32;12;7;5;0;20;2;3;0;;;268;107;375;32;16;22;8;2;2;8;17;;;77;25;102;15;9;1;;;30;38;68;9;2;3;1;6;11;6;;;20;7;27;7;5;5;10;4;0;1;;;3;5;8;4;1;5;2;7;2;;;;;12;3;15;3;
12.09.2021;Stadtratswahl;03403000;951;951 Briefwahl;1;1;0;0;0;0;492;492;9;483;1420;243;243;486;60;31;25;42;9;3;6;2;12;9;35;9;158;143;301;46;34;13;9;4;2;28;2;4;1;;;249;109;358;55;15;18;2;2;0;7;10;;;44;36;80;22;8;6;;;49;41;90;16;5;4;5;5;2;4;;;23;12;35;12;10;7;17;3;1;3;;;8;8;16;6;2;4;2;6;2;;;;;17;14;31;14;
12.09.2021;Stadtratswahl;03403000;952;952 Briefwahl;1;1;0;0;0;0;485;485;11;474;1419;260;209;469;44;20;29;44;5;5;2;2;15;7;28;8;167;121;288;43;25;10;11;6;9;10;6;0;1;;;264;113;377;26;19;28;11;1;5;7;16;;;60;42;102;25;13;4;;;48;21;69;16;1;1;2;0;0;1;;;34;5;39;5;4;4;8;0;1;3;;;23;3;26;3;0;13;0;13;0;;;;;22;6;28;6;
12.09.2021;Stadtratswahl;03403000;953;953 Briefwahl;1;1;0;0;0;0;523;523;26;497;1473;325;212;537;31;33;32;41;16;12;3;2;21;2;15;4;141;123;264;31;32;20;9;7;4;6;10;3;1;;;262;112;374;40;13;24;3;4;5;10;13;;;58;28;86;16;8;4;;;59;24;83;8;0;1;4;5;2;4;;;42;17;59;17;10;6;16;4;2;0;;;2;8;10;2;6;9;1;10;1;;;;;27;7;34;7;
12.09.2021;Stadtratswahl;03403000;954;954 Briefwahl;1;1;0;0;0;0;481;481;8;473;1400;247;198;445;48;25;17;62;2;4;1;3;11;2;19;4;146;125;271;30;23;7;24;4;8;17;7;2;3;;;276;130;406;34;20;28;11;6;7;7;17;;;48;32;80;19;11;2;;;43;22;65;18;0;1;1;1;0;1;;;48;12;60;12;1;5;6;4;1;0;;;11;7;18;4;3;12;1;13;1;;;;;23;13;36;13;
12.09.2021;Stadtratswahl;03403000;955;955 Briefwahl;1;1;0;0;0;0;504;504;0;504;1503;299;266;565;59;29;30;70;4;15;10;8;10;4;23;4;136;116;252;37;33;16;10;5;4;2;7;0;2;;;268;122;390;46;10;21;6;9;6;8;16;;;48;20;68;4;12;4;;;80;28;108;11;2;1;5;4;2;3;;;34;10;44;10;1;8;9;6;0;2;;;5;15;20;4;11;9;0;9;0;;;;;27;11;38;11;
12.09.2021;Stadtratswahl;03403000;956;956 Briefwahl;1;1;0;0;0;0;506;506;1;505;1486;274;231;505;37;25;27;68;4;8;1;0;14;8;27;12;174;146;320;37;41;11;10;5;13;15;9;5;0;;;291;112;403;41;14;27;4;2;5;7;12;;;51;10;61;7;2;1;;;38;44;82;23;3;6;0;8;3;1;;;24;16;40;16;12;11;23;4;2;5;;;9;7;16;3;4;6;4;10;4;;;;;16;10;26;10;
12.09.2021;Stadtratswahl;03403000;960;960 Briefwahl;1;1;0;0;0;0;568;568;3;565;1693;252;185;437;38;19;14;6;37;19;12;19;4;3;5;9;180;183;363;65;49;7;0;9;11;15;14;9;1;3;;373;167;540;45;36;26;9;26;10;6;9;;;64;21;85;3;9;6;3;;100;42;142;10;14;5;1;3;6;3;;;21;3;24;3;19;19;38;4;5;1;6;3;5;5;10;1;4;15;7;22;7;;;;;22;10;32;10;
12.09.2021;Stadtratswahl;03403000;961;961 Briefwahl;1;1;0;0;0;0;602;602;8;594;1733;283;194;477;62;19;27;4;25;9;18;9;8;4;5;4;174;229;403;79;67;8;3;6;8;28;10;11;4;5;;415;190;605;33;47;28;16;30;11;6;19;;;39;25;64;3;5;10;7;;56;23;79;7;8;2;1;1;0;4;;;22;14;36;14;10;12;22;1;4;2;1;4;14;2;16;1;1;3;2;5;2;;;;;21;5;26;5;
12.09.2021;Stadtratswahl;03403000;962;962 Briefwahl;1;1;0;0;0;0;588;588;5;583;1743;298;182;480;36;23;31;5;24;4;19;10;10;5;4;11;176;192;368;74;53;13;1;7;11;12;10;5;6;0;;403;159;562;37;50;14;10;17;11;5;15;;;96;32;128;3;17;3;9;;73;30;103;6;14;6;0;0;1;3;;;26;5;31;5;20;3;23;2;1;0;0;0;10;0;10;0;0;8;4;12;4;;;;;12;14;26;14;
12.09.2021;Stadtratswahl;03403000;963;963 Briefwahl;1;1;0;0;0;0;646;646;2;644;1931;299;240;539;72;26;41;7;32;18;16;14;4;4;2;4;174;259;433;90;80;17;16;11;10;13;6;8;6;2;;422;178;600;45;45;27;13;16;9;12;11;;;86;32;118;12;9;7;4;;64;40;104;20;7;5;3;3;2;0;;;9;17;26;17;7;12;19;2;2;2;1;5;9;11;20;2;9;25;7;32;7;;;;;33;7;40;7;
12.09.2021;Stadtratswahl;03403000;964;964 Briefwahl;1;1;0;0;0;0;648;648;0;648;1906;310;229;539;72;33;27;5;28;14;15;13;6;0;13;3;205;180;385;62;53;9;6;4;7;19;11;4;1;4;;413;196;609;38;54;27;11;29;8;17;12;;;89;34;123;3;21;2;8;;59;36;95;9;14;4;4;0;3;2;;;36;11;47;11;9;12;21;5;3;1;2;1;13;7;20;1;6;8;9;17;9;;;;;32;18;50;18;
12.09.2021;Stadtratswahl;03403000;965;965 Briefwahl;1;1;0;0;0;0;629;629;15;614;1833;288;239;527;88;31;30;4;23;12;9;17;7;4;5;9;172;209;381;71;47;11;12;9;10;22;8;12;4;3;;411;185;596;46;41;21;19;23;9;13;13;;;97;25;122;4;10;8;3;;72;24;96;7;6;3;0;3;1;4;;;15;14;29;14;18;13;31;3;2;4;3;1;17;7;24;0;7;3;1;4;1;;;;;16;7;23;7;
12.09.2021;Stadtratswahl;03403000;966;966 Briefwahl;1;1;0;0;0;0;566;566;4;562;1675;285;225;510;66;26;24;5;33;12;16;22;6;4;5;6;160;178;338;71;43;4;5;8;13;12;5;7;6;4;;363;199;562;57;43;24;20;32;10;1;12;;;68;33;101;8;13;7;5;;48;28;76;8;7;5;4;0;0;4;;;14;7;21;7;5;4;9;2;0;1;0;1;7;3;10;1;2;3;12;15;12;;;;;30;3;33;3;
